"","RMSE","Rsquared","MAE"
"1",85051.3841512743,0.142717271111356,61263.5699550483
